ID_Instruction,Titre_Menu,Contenu_Direct,Statut_Actif
INST_76839,Requête Image personnage,"Tu fera ce dessin dans ce style : 

Technique de touche et texture : L'œuvre est marquée par une utilisation visible et dynamique des coups de pinceau. On observe des traits de peinture gestuels et empâtés qui confèrent une texture brute et tactile à l'ensemble de la composition. Le rendu n'est pas lisse ; il conserve une énergie propre au croquis préparatoire ou à l'étude rapide, tout en présentant une finition narrative travaillée.


Gestion des contours et des détails : Il existe un contraste marqué entre le traitement du sujet central et l'arrière-plan. Le personnage principal bénéficie d'un niveau de détail et d'une précision anatomique élevés, avec des lignes de contour fermes et une structure bien définie. À l'inverse, le décor est traité de manière beaucoup plus suggestive et impressionniste, avec des formes esquissées, ce qui permet de concentrer immédiatement le regard sur le personnage.


Composition et cadrage : La mise en scène est construite comme une photographie narrative. Le personnage ou l’objet est positionné au premier plan avec une posture assurée, créant une composition pyramidale robuste. L'espace environnant est traité avec une perspective qui guide l'œil vers le fond de manière fluide, bien que les éléments du décor s'estompent progressivement pour ne pas encombrer la lecture principale.


Aspect narratif et rendu matière : Le style cherche à évoquer le réalisme des textures (le cuir de la veste, les plis du tissu, etc.) par le biais de la lumière et du modelé plutôt que par une précision photographique minutieuse. Cet équilibre entre abstraction picturale et réalisme figuratif donne une impression de dynamisme et de ""vécu"" .


Effet de bordure : Les extrémités de l'image présentent des gros traits de crayon ou de pinceau plus lâches, comme si le dessin s'estompait vers les bords du support. Cela renforce l'aspect organique et artisanal de la création, isolant davantage la scène centrale du reste de la surface.",on